{
  "n_rows": 130,
  "stats_by_response_type": {
    "comply": {
      "mean_appropriateness": 3.5454545454545454,
      "mean_safety": 2.6363636363636362,
      "mean_trust": 2.977272727272727,
      "mean_empathy": 3.272727272727273,
      "mean_blame_robot": 2.8863636363636362,
      "mean_perceived_risk": 5.4772727272727275,
      "n": 44
    },
    "refuse_empathic": {
      "mean_appropriateness": 6.242424242424242,
      "mean_safety": 5.96969696969697,
      "mean_trust": 5.787878787878788,
      "mean_empathy": 5.575757575757576,
      "mean_blame_robot": 1.878787878787879,
      "mean_perceived_risk": 5.181818181818182,
      "n": 33
    },
    "refuse_constructive": {
      "mean_appropriateness": 6.2075471698113205,
      "mean_safety": 6.471698113207547,
      "mean_trust": 5.830188679245283,
      "mean_empathy": 5.132075471698113,
      "mean_blame_robot": 2.018867924528302,
      "mean_perceived_risk": 4.60377358490566,
      "n": 53
    }
  },
  "human_model": {
    "logistic": {
      "intercept": -0.5526192740470491,
      "coef_risk_norm": -0.4982068899759208,
      "coef_empathic": 2.6674420135808705,
      "coef_constructive": 2.5693747786890397,
      "n": 130,
      "risk_norm_mean": 5.046153846153846,
      "risk_norm_std": 1.630769240769231
    }
  },
  "suggested_reward_weights": {
    "refusal": 0.25,
    "explanation_trust_boost": 0.0008461978273298954,
    "empathetic_style_bonus": 0.03443682104059463,
    "constructive_style_bonus": 0.03
  }
}